recordId,subject,isNew,disputeTypeChanged,negotiationChanged,agreementChanged,oldNegotiationCount,newNegotiationCount,oldAgreementCount,newAgreementCount,file
excel-row-220,Antrepo Sözleşmesinden Kaynaklanan Uyuşmazlık - TTK md. 4,False,True,True,True,2,2,2,2,D:\ArbsysTutanakEditor\DOCX_Guncelleme\01) TTK md. 4 ve 5 (+)\04 - Anlaşma Belgesi - (Antrepo Sözleşmesinden Kaynaklanan Uyuşmazlık) (TTK md. 4).docx
excel-row-221,Bankacılık İşlemlerinden Kaynaklanan Uyuşmazlık - TTK md. 4,False,True,True,True,1,1,2,2,D:\ArbsysTutanakEditor\DOCX_Guncelleme\01) TTK md. 4 ve 5 (+)\04 - Anlaşma Belgesi - (Bankacılık İşlemlerinden Kaynaklanan Uyuşmazlık) (TTK md. 4).docx
excel-row-222,Eser Sözleşmesinden Kaynaklanan Uyuşmazlık - TTK md. 4,False,True,True,True,1,1,1,1,D:\ArbsysTutanakEditor\DOCX_Guncelleme\01) TTK md. 4 ve 5 (+)\04 - Anlaşma Belgesi - (Eser Sözleşmesinden Kaynaklanan Uyuşmazlık) (TTK md. 4).docx
excel-row-223,Fikri ve Sınai Haklardan Kaynaklanan Uyuşmazlık - TTK md. 4,False,True,True,True,1,1,1,1,D:\ArbsysTutanakEditor\DOCX_Guncelleme\01) TTK md. 4 ve 5 (+)\04 - Anlaşma Belgesi - (Fikri ve Sınai Haklardan Kaynaklanan Uyuşmazlık) (TTK md. 4).docx
excel-row-224,Havale İşleminden Kaynaklanan Uyuşmazlık  - TBK md. 555 vd.,False,True,True,True,2,2,2,2,D:\ArbsysTutanakEditor\DOCX_Guncelleme\01) TTK md. 4 ve 5 (+)\04 - Anlaşma Belgesi - (Havale İşleminden Kaynaklanan Uyuşmazlık  - TBK md. 555 vd.).docx
excel-row-225,İşletmenin Birleşmesi - Devralınması Uyuşmazlığı - TBK md. 202-203,False,True,True,True,1,1,1,1,D:\ArbsysTutanakEditor\DOCX_Guncelleme\01) TTK md. 4 ve 5 (+)\04 - Anlaşma Belgesi - (İşletmenin Birleşmesi - Devralınması Uyuşmazlığı) (TBK md. 202-203).docx
excel-row-226,Komisyoncu - TBK md. 532 vd.,False,True,False,True,2,2,2,2,D:\ArbsysTutanakEditor\DOCX_Guncelleme\01) TTK md. 4 ve 5 (+)\04 - Anlaşma Belgesi - (Komisyoncu) (TBK md. 532 vd.).docx
excel-row-227,Kredi Mektubundan - Emrinden Kaynaklanan Uyuşmazlık  - TBK md. 515 vd.,False,True,True,True,1,1,2,2,D:\ArbsysTutanakEditor\DOCX_Guncelleme\01) TTK md. 4 ve 5 (+)\04 - Anlaşma Belgesi - (Kredi Mektubundan - Emrinden Kaynaklanan Uyuşmazlık  - TBK md. 515 vd.).docx
excel-row-228,Pazarlamacı - TBK md 448 vd.,False,True,False,True,1,1,2,2,D:\ArbsysTutanakEditor\DOCX_Guncelleme\01) TTK md. 4 ve 5 (+)\04 - Anlaşma Belgesi - (Pazarlamacılık Sözleşmesi) (TBK md 448 vd.).docx
excel-row-229,Rehin Karşılığında Ödünç Verme - TMK md 962 vd.,False,True,True,True,3,3,3,3,D:\ArbsysTutanakEditor\DOCX_Guncelleme\01) TTK md. 4 ve 5 (+)\04 - Anlaşma Belgesi - (Rehin Karşılığında Ödünç Verme) (TMK md 962 vd.).docx
excel-row-230,Rekabet Yasağından Kaynaklanan Uyuşmazlık - TBK md. 444 vd.,False,True,True,True,2,2,2,2,D:\ArbsysTutanakEditor\DOCX_Guncelleme\01) TTK md. 4 ve 5 (+)\04 - Anlaşma Belgesi - (Rekabet Yasağından Kaynaklanan Uyuşmazlık - TBK md. 444 vd.).docx
excel-row-231,Saklama Sözleşmesinden Kaynaklanan Uyuşmazlık - TBK md. 561 vd.,False,True,True,True,1,1,1,1,D:\ArbsysTutanakEditor\DOCX_Guncelleme\01) TTK md. 4 ve 5 (+)\04 - Anlaşma Belgesi - (Saklama Sözleşmesinden Kaynaklanan Uyuşmazlık - TBK md. 561 vd.).docx
excel-row-232,Simsar - TBK md. 520 vd.,False,True,False,True,1,1,2,2,D:\ArbsysTutanakEditor\DOCX_Guncelleme\01) TTK md. 4 ve 5 (+)\04 - Anlaşma Belgesi - (Simsar) (TBK md. 520 vd.).docx
excel-row-233,Ticari Temsilci - TBK md. 547 vd.,False,True,False,True,1,1,2,2,D:\ArbsysTutanakEditor\DOCX_Guncelleme\01) TTK md. 4 ve 5 (+)\04 - Anlaşma Belgesi - (Ticari Temsilci) (TBK md. 547 vd.).docx
excel-row-234,Ticari Vekil - TBK md. 551 vd.,False,True,False,True,1,1,2,2,D:\ArbsysTutanakEditor\DOCX_Guncelleme\01) TTK md. 4 ve 5 (+)\04 - Anlaşma Belgesi - (Ticari Vekil) (TBK md. 551 vd.).docx
excel-row-235,Yayım Sözleşmesinden Kaynaklanan Uyuşmazlık - TBK md. 487,False,True,False,True,1,1,1,1,D:\ArbsysTutanakEditor\DOCX_Guncelleme\01) TTK md. 4 ve 5 (+)\04 - Anlaşma Belgesi - (Yayım Sözleşmesinden Kaynaklanan Uyuşmazlık - TBK md. 487).docx
excel-row-210,Acente Sözleşmesinden Kaynaklanan Uyuşmazlık - TTK md. 122-123,False,True,True,True,3,3,3,3,D:\ArbsysTutanakEditor\DOCX_Guncelleme\02) Ticari İşletme (+)\04 - Anlaşma Belgesi - (Acente Sözleşmesinden Kaynaklanan Uyuşmazlık) (TTK md. 122-123).docx
excel-row-211,Cari Hesap Sözleşmesinden Kaynaklanan Uyuşmazlık - TTK md. 89 vd.,False,True,False,True,1,1,1,1,D:\ArbsysTutanakEditor\DOCX_Guncelleme\02) Ticari İşletme (+)\04 - Anlaşma Belgesi - (Cari Hesap Sözleşmesinden Kaynaklanan Uyuşmazlık) (TTK md. 89 vd.).docx
excel-row-212,Haksız Rekabet - TTK md. 56,False,True,True,True,1,1,1,1,D:\ArbsysTutanakEditor\DOCX_Guncelleme\02) Ticari İşletme (+)\04 - Anlaşma Belgesi - (Haksız Rekabetten Kaynaklanan Uyuşmazlık) (TTK md. 56).docx
excel-row-218,İşletme Adı İşletme Adından Kaynaklanan Uyuşmazlık - TTK md. 53,False,True,True,True,1,1,1,1,D:\ArbsysTutanakEditor\DOCX_Guncelleme\02) Ticari İşletme (+)\04 - Anlaşma Belgesi - (İşletme Adından Kaynaklanan Uyuşmazlık) (TTK md. 53).docx
excel-row-213,Ticaret Siciline Gerçeğe Aykırı Tescilden Doğan Sorumluluk ve Tazminat Uyuşmazlığı - TTK md. 38,False,True,True,True,1,1,2,2,D:\ArbsysTutanakEditor\DOCX_Guncelleme\02) Ticari İşletme (+)\04 - Anlaşma Belgesi - (Ticaret Siciline Gerçeğe Aykırı Tescilden Doğan Sorumluluk ve Tazminat Uyuşmazlığı) (TTK md. 38).docx
excel-row-214,Ticaret Ünvanı - TTK md. 52,False,True,True,True,1,1,1,1,D:\ArbsysTutanakEditor\DOCX_Guncelleme\02) Ticari İşletme (+)\04 - Anlaşma Belgesi - (Ticaret Ünvanı) (TTK md. 52).docx
excel-row-216,Ticari İşletmenin Devrinden Kaynaklanan Uyuşmazlık - TTK md. 11,False,True,False,True,2,2,2,2,D:\ArbsysTutanakEditor\DOCX_Guncelleme\02) Ticari İşletme (+)\04 - Anlaşma Belgesi - (Ticari İşletmenin Devrinden Kaynaklanan Uyuşmazlık) (TTK md. 11) .docx
excel-row-217,Ticari İşletmenin Rehninden Kaynaklanan Uyuşmazlık,False,True,True,True,1,1,1,1,D:\ArbsysTutanakEditor\DOCX_Guncelleme\02) Ticari İşletme (+)\04 - Anlaşma Belgesi - (Ticari İşletmenin Rehninden Kaynaklanan Uyuşmazlık).docx
excel-row-215,Ticari Satıştan Doğan Tazminat Uyuşmazlığı - TTK md. 23,False,True,True,True,1,1,1,1,D:\ArbsysTutanakEditor\DOCX_Guncelleme\02) Ticari İşletme (+)\04 - Anlaşma Belgesi - (Ticari Satıştan Doğan Tazminat Uyuşmazlığı ) (TTK md. 23).docx
excel-row-186,Ayrılma Akçesi Uyuşmazlığı - TTK md. 141,False,True,True,True,1,1,1,1,D:\ArbsysTutanakEditor\DOCX_Guncelleme\03) Şirketler Yapısal Değişiklikler (+)\04 - Anlaşma Belgesi - (Ayrılma Akçesi Uyuşmazlığı) (TTK md. 141).docx
excel-row-187,Birleşmede Şirket Alacaklılarının Alacak Uyuşmazlığı - TTK md. 157,False,True,True,True,1,1,2,2,D:\ArbsysTutanakEditor\DOCX_Guncelleme\03) Şirketler Yapısal Değişiklikler (+)\04 - Anlaşma Belgesi - (Birleşmede Şirket Alacaklılarının Alacak Uyuşmazlığı) (TTK md. 157).docx
excel-row-189,Bölünen Şirket İmtiyaz Haklarından Doğan Tazminat Sorumluluğu Uyuşmazlığı - TTK md. 161,False,True,True,True,1,1,1,1,D:\ArbsysTutanakEditor\DOCX_Guncelleme\03) Şirketler Yapısal Değişiklikler (+)\04 - Anlaşma Belgesi - (Bölünen Şirket İmtiyaz Haklarından Doğan Tazminat Sorumluluğu Uyuşmazlığı) (TTK md. 161).docx
excel-row-190,Bölünen Şirket İntifa Senedi Sahibinin Alacak Uyuşmazlığı - TTK md. 161,False,True,False,True,1,1,1,1,D:\ArbsysTutanakEditor\DOCX_Guncelleme\03) Şirketler Yapısal Değişiklikler (+)\04 - Anlaşma Belgesi - (Bölünen Şirket İntifa Senedi Sahibinin Alacak Uyuşmazlığı) (TTK md. 161).docx
excel-row-188,Bölünen Şirket Ortağının Tazminat Uyuşmazlığı - TTK md. 161,False,True,True,True,1,1,1,1,D:\ArbsysTutanakEditor\DOCX_Guncelleme\03) Şirketler Yapısal Değişiklikler (+)\04 - Anlaşma Belgesi - (Bölünen Şirket Ortağının Tazminat Uyuşmazlığı) (TTK md. 161).docx
excel-row-191,Bölünmede Şirket Alacaklılarının Alacak Uyuşmazlığı - TTK md. 175,False,True,False,True,1,1,2,2,D:\ArbsysTutanakEditor\DOCX_Guncelleme\03) Şirketler Yapısal Değişiklikler (+)\04 - Anlaşma Belgesi - (Bölünmede Şirket Alacaklılarının Alacak Uyuşmazlığı) (TTK md. 175).docx
excel-row-192,Bölünmede Şirket Ortağının Denkleştirme İstemi Uyuşmazlığı - TTK md. 161,False,True,True,True,1,1,1,1,D:\ArbsysTutanakEditor\DOCX_Guncelleme\03) Şirketler Yapısal Değişiklikler (+)\04 - Anlaşma Belgesi - (Bölünmede Şirket Ortağının Denkleştirme İstemi Uyuşmazlığı) (TTK md. 161).docx
excel-row-193,Denkleştirme Akçesi Uyuşmazlığı - TTK md. 191,False,True,True,True,2,2,2,2,D:\ArbsysTutanakEditor\DOCX_Guncelleme\03) Şirketler Yapısal Değişiklikler (+)\04 - Anlaşma Belgesi - (Denkleştirme Akçesi Uyuşmazlığı) (TTK md. 191).docx
excel-row-196,Devrolunan Şirket İmtiyaz Haklarından Doğan Tazminat Sorumluluğu Uyuşmazlığı - TTK md. 140-4,False,True,True,True,1,1,1,1,D:\ArbsysTutanakEditor\DOCX_Guncelleme\03) Şirketler Yapısal Değişiklikler (+)\04 - Anlaşma Belgesi - (Devrolunan Şirket İmtiyaz Haklarından Doğan Tazminat Sorumluluğu Uyuşmazlığı) (TTK md. 140-4).docx
excel-row-197,Devrolunan Şirket İntifa Senedi Sahibinin Alacak Uyuşmazlığı - TTK md. 140-5,False,True,False,True,1,1,1,1,D:\ArbsysTutanakEditor\DOCX_Guncelleme\03) Şirketler Yapısal Değişiklikler (+)\04 - Anlaşma Belgesi - (Devrolunan Şirket İntifa Senedi Sahibinin Alacak Uyuşmazlığı) (TTK md. 140-5).docx
excel-row-194,Devrolunan Şirket Ortağının Denkleştirme İstemi Uyuşmazlığı - TTK md. 140-2,False,True,True,True,1,1,1,1,D:\ArbsysTutanakEditor\DOCX_Guncelleme\03) Şirketler Yapısal Değişiklikler (+)\04 - Anlaşma Belgesi - (Devrolunan Şirket Ortağının Denkleştirme İstemi Uyuşmazlığı) (TTK md. 140-2).docx
excel-row-195,Devrolunan Şirket Ortağının Tazminat Uyuşmazlığı - TTK md. 140-1,False,True,True,True,1,1,1,1,D:\ArbsysTutanakEditor\DOCX_Guncelleme\03) Şirketler Yapısal Değişiklikler (+)\04 - Anlaşma Belgesi - (Devrolunan Şirket Ortağının Tazminat Uyuşmazlığı) (TTK md. 140-1).docx
excel-row-198,Hakim Şirketin Güvenden Doğan Sorumluluk Uyuşmazlığı - TTK md. 209,False,True,False,True,1,1,1,1,D:\ArbsysTutanakEditor\DOCX_Guncelleme\03) Şirketler Yapısal Değişiklikler (+)\04 - Anlaşma Belgesi - (Hakim Şirketin Güvenden Doğan Sorumluluk Uyuşmazlığı) (TTK md. 209).docx
excel-row-199,Hakimiyetin Hukuka Aykırı Kullanılması Nedeniyle Tazminat Sorumluluğu Uyuşmazlığı - TTK md. 202-1b-c,False,True,False,True,2,2,2,2,D:\ArbsysTutanakEditor\DOCX_Guncelleme\03) Şirketler Yapısal Değişiklikler (+)\04 - Anlaşma Belgesi - (Hakimiyetin Hukuka Aykırı Kullanılması Nedeniyle Tazminat Sorumluluğu Uyuşmazlığı) (TTK md. 202-1b-c).docx
excel-row-200,Hakimiyetin Hukuka Aykırı Kullanılması Nedeniyle Tazminat Sorumluluğu Uyuşmazlığı - TTK md. 202-2,False,True,True,True,2,2,2,2,D:\ArbsysTutanakEditor\DOCX_Guncelleme\03) Şirketler Yapısal Değişiklikler (+)\04 - Anlaşma Belgesi - (Hakimiyetin Hukuka Aykırı Kullanılması Nedeniyle Tazminat Sorumluluğu Uyuşmazlığı) (TTK md. 202-2).docx
excel-row-201,Hakimiyetin Hukuka Aykırı Kullanılması Nedeniyle Tazminat Sorumluluğu Uyuşmazlığı - TTK md. 202-3,False,True,True,True,1,1,1,1,D:\ArbsysTutanakEditor\DOCX_Guncelleme\03) Şirketler Yapısal Değişiklikler (+)\04 - Anlaşma Belgesi - (Hakimiyetin Hukuka Aykırı Kullanılması Nedeniyle Tazminat Sorumluluğu Uyuşmazlığı) (TTK md. 202-3).docx
excel-row-202,Tam Hakimiyetin Hukuka Aykırı Kullanılması Nedeniyle Tazminat Sorumluluğu Uyuşmazlığı - TTK md. 206,False,True,False,True,1,1,1,1,D:\ArbsysTutanakEditor\DOCX_Guncelleme\03) Şirketler Yapısal Değişiklikler (+)\04 - Anlaşma Belgesi - (Tam Hakimiyetin Hukuka Aykırı Kullanılması Nedeniyle Tazminat Sorumluluğu Uyuşmazlığı) (TTK md. 206).docx
excel-row-204,Tür Değiştirmede Şirket İmtiyaz Haklarından Doğan Tazminat Sorumluluğu Uyuşmazlığı - TTK md. 183-2,False,True,True,True,1,1,1,1,D:\ArbsysTutanakEditor\DOCX_Guncelleme\03) Şirketler Yapısal Değişiklikler (+)\04 - Anlaşma Belgesi - (Tür Değiştirmede Şirket İmtiyaz Haklarından Doğan Tazminat Sorumluluğu Uyuşmazlığı) (TTK md. 183-2).docx
excel-row-205,Tür Değiştirmede Şirket İntifa Senedi Sahibinin Alacak Uyuşmazlığı - TTK md. 183-3,False,True,True,True,1,1,1,1,D:\ArbsysTutanakEditor\DOCX_Guncelleme\03) Şirketler Yapısal Değişiklikler (+)\04 - Anlaşma Belgesi - (Tür Değiştirmede Şirket İntifa Senedi Sahibinin Alacak Uyuşmazlığı) (TTK md. 183-3).docx
excel-row-203,Tür Değiştirmede Şirket Ortağının Tazminat Uyuşmazlığı - TTK md. 183-1,False,True,True,True,1,1,1,1,D:\ArbsysTutanakEditor\DOCX_Guncelleme\03) Şirketler Yapısal Değişiklikler (+)\04 - Anlaşma Belgesi - (Tür Değiştirmede Şirket Ortağının Tazminat Uyuşmazlığı) (TTK md. 183-1).docx
excel-row-206,Şirket Birleşmesinden Doğan Tazminat Sorumluluğu Uyuşmazlığı - TTK md. 193,False,True,True,True,1,1,1,1,D:\ArbsysTutanakEditor\DOCX_Guncelleme\03) Şirketler Yapısal Değişiklikler (+)\04 - Anlaşma Belgesi - (Şirket Birleşmesinden Doğan Tazminat Sorumluluğu Uyuşmazlığı) (TTK md. 193).docx
excel-row-207,Şirket Bölünmesinden Doğan Tazminat Sorumluluğu Uyuşmazlığı - TTK md. 193,False,True,True,True,1,1,1,1,D:\ArbsysTutanakEditor\DOCX_Guncelleme\03) Şirketler Yapısal Değişiklikler (+)\04 - Anlaşma Belgesi - (Şirket Bölünmesinden Doğan Tazminat Sorumluluğu Uyuşmazlığı) (TTK md. 193) .docx
excel-row-208,Şirket Türünün Değiştirilmesinden Doğan Tazminat Sorumluluğu Uyuşmazlığı - TTK md. 193,False,True,True,True,1,1,1,1,D:\ArbsysTutanakEditor\DOCX_Guncelleme\03) Şirketler Yapısal Değişiklikler (+)\04 - Anlaşma Belgesi - (Şirket Türünün Değiştirilmesinden Doğan Tazminat Sorumluluğu Uyuşmazlığı) (TTK md. 193).docx
excel-row-111,Koll. Şti. Ayrılan Ortağın Payına İlişkin Alacak Uyuşmazlığı - TTK md. 260,False,True,False,True,1,1,1,1,D:\ArbsysTutanakEditor\DOCX_Guncelleme\04) Kollektif (+)\04 - Anlaşma Belgesi - (Koll. Şti. Ayrılan Ortağın Payına İlişkin Alacak Uyuşmazlığı) (TTK md. 260).docx
excel-row-112,Koll. Şti. Ortağının Ek Ödeme Uyuşmazlığı - TTK md. 298,False,True,True,True,1,1,1,1,D:\ArbsysTutanakEditor\DOCX_Guncelleme\04) Kollektif (+)\04 - Anlaşma Belgesi - (Koll. Şti. Ortağının Ek Ödeme Uyuşmazlığı) (TTK md. 298).docx
excel-row-113,Koll. Şti. Ortağının Faiz Verme Uyuşmazlığı - TTK md. 224,False,True,True,True,1,1,1,1,D:\ArbsysTutanakEditor\DOCX_Guncelleme\04) Kollektif (+)\04 - Anlaşma Belgesi - (Koll. Şti. Ortağının Faiz Verme Uyuşmazlığı) (TTK md. 224).docx
excel-row-114,Koll. Şti. Ortağının Haksız Fiilinden Doğan Uyuşmazlık - TTK md. 234-2,False,True,True,True,2,2,2,2,D:\ArbsysTutanakEditor\DOCX_Guncelleme\04) Kollektif (+)\04 - Anlaşma Belgesi - (Koll. Şti. Ortağının Haksız Fiilinden Doğan Uyuşmazlık) (TTK md. 234-2).docx
excel-row-115,Koll. Şti. Ortağının Kar Payı - Ödünç - Sermaye Faizi - Ücret Uyuşmazlığı - TTK md. 228,False,True,True,True,1,1,1,1,D:\ArbsysTutanakEditor\DOCX_Guncelleme\04) Kollektif (+)\04 - Anlaşma Belgesi - (Koll. Şti. Ortağının Kar Payı - Ödünç - Sermaye Faizi - Ücret Uyuşmazlığı) (TTK md. 228).docx
excel-row-116,Koll. Şti. Ortağının Kişisel Sorumluluğundan Doğan Uyuşmazlık - TTK md. 236,False,True,True,True,1,1,1,1,D:\ArbsysTutanakEditor\DOCX_Guncelleme\04) Kollektif (+)\04 - Anlaşma Belgesi - (Koll. Şti. Ortağının Kişisel Sorumluluğundan Doğan Uyuşmazlık) (TTK md. 236).docx
excel-row-117,Koll. Şti. Ortağının Rekabet Yasağı İhlali Uyuşmazlığı - TTK md. 231,False,True,False,True,1,1,2,2,D:\ArbsysTutanakEditor\DOCX_Guncelleme\04) Kollektif (+)\04 - Anlaşma Belgesi - (Koll. Şti. Ortağının Rekabet Yasağı İhlali Uyuşmazlığı) (TTK md. 231).docx
excel-row-118,Koll. Şti. Ortağının Rekabet Yasağını İhlalden Doğan Uyuşmazlık - TTK md. 230,False,True,True,True,1,1,1,1,D:\ArbsysTutanakEditor\DOCX_Guncelleme\04) Kollektif (+)\04 - Anlaşma Belgesi - (Koll. Şti. Ortağının Rekabet Yasağını İhlalden Doğan Uyuşmazlık) (TTK md. 230).docx
excel-row-119,Koll. Şti. Ortağının Tasfiye Alacağı Uyuşmazlığı - TTK md. 300,False,True,False,True,1,1,1,1,D:\ArbsysTutanakEditor\DOCX_Guncelleme\04) Kollektif (+)\04 - Anlaşma Belgesi - (Koll. Şti. Ortağının Tasfiye Alacağı Uyuşmazlığı) (TTK md. 300).docx
excel-row-120,Koll. Şti. Ortağının Zarar Payı Uyuşmazlığı - TTK md. 229,False,True,True,True,1,1,1,1,D:\ArbsysTutanakEditor\DOCX_Guncelleme\04) Kollektif (+)\04 - Anlaşma Belgesi - (Koll. Şti. Ortağının Zarar Payı Uyuşmazlığı) (TTK md. 229).docx
excel-row-121,Koll. Şti. Tamamlanmamış İşlerden Kaynaklanan Alacak Uyuşmazlığı - TTK md. 263,False,True,False,True,2,2,2,2,D:\ArbsysTutanakEditor\DOCX_Guncelleme\04) Kollektif (+)\04 - Anlaşma Belgesi - (Koll. Şti. Tamamlanmamış İşlerden Kaynaklanan Alacak Uyuşmazlığı) (TTK md. 263).docx
excel-row-122,Koll. Şti. Tasfiye Memuru Ücret Alacağı Uyuşmazlığı - TTK md. 284,False,True,False,True,1,1,1,1,D:\ArbsysTutanakEditor\DOCX_Guncelleme\04) Kollektif (+)\04 - Anlaşma Belgesi - (Koll. Şti. Tasfiye Memuru Ücret Alacağı Uyuşmazlığı) (TTK md. 284).docx
excel-row-123,Koll. Şti. Tasfiye Memurunun Haksız Fiil Tazminat Sorumluluğu Uyuşmazlığı - TTK md. 280,False,True,True,True,2,2,2,2,D:\ArbsysTutanakEditor\DOCX_Guncelleme\04) Kollektif (+)\04 - Anlaşma Belgesi - (Koll. Şti. Tasfiye Memurunun Haksız Fiil Tazminat Sorumluluğu Uyuşmazlığı) (TTK md. 280).docx
excel-row-124,Koll. Şti. Tasfiye Memurunun Tazminat Sorumluluğu Uyuşmazlığı - TTK md. 285,False,True,True,True,2,2,2,2,D:\ArbsysTutanakEditor\DOCX_Guncelleme\04) Kollektif (+)\04 - Anlaşma Belgesi - (Koll. Şti. Tasfiye Memurunun Tazminat Sorumluluğu Uyuşmazlığı) (TTK md. 285).docx
excel-row-125,Koll. Şti. Tasfiye Memurunun Yeni İşlemlerinden Doğan Alacak Uyuşmazlığı - TTK md. 292,False,True,True,True,1,1,1,1,D:\ArbsysTutanakEditor\DOCX_Guncelleme\04) Kollektif (+)\04 - Anlaşma Belgesi - (Koll. Şti. Tasfiye Memurunun Yeni İşlemlerinden Doğan Alacak Uyuşmazlığı) (TTK md. 292).docx
excel-row-126,Koll. Şti. Temsilcisinin İşlemlerinden Doğan Uyuşmazlık - TTK md. 234-1,False,True,False,True,1,1,1,1,D:\ArbsysTutanakEditor\DOCX_Guncelleme\04) Kollektif (+)\04 - Anlaşma Belgesi - (Koll. Şti. Temsilcisinin İşlemlerinden Doğan Uyuşmazlık) (TTK md. 234-1).docx
excel-row-127,Koll. Şti. Tescil - Şirket Sözleşmesi Yükümlülüğünün İhlali Uyuşmazlığı - TTK md. 216,False,True,False,True,1,1,1,1,D:\ArbsysTutanakEditor\DOCX_Guncelleme\04) Kollektif (+)\04 - Anlaşma Belgesi - (Koll. Şti. Tescil - Şirket Sözleşmesi Yükümlülüğünün İhlali Uyuşmazlığı) (TTK md. 216).docx
excel-row-131,Kom. Şti. Adına İşlemde Bulunan Komanditer Ortağın Tazminat Sorumluluğundan Doğan Uyuşmazlık - TTK md. 321-1,False,True,True,True,1,1,1,1,D:\ArbsysTutanakEditor\DOCX_Guncelleme\05) Komandit (+)\04 - Anlaşma Belgesi - (Kom. Şti. Adına İşlemde Bulunan Komanditer Ortağın Tazminat Sorumluluğundan Doğan Uyuşmazlık ) (TTK md. 321-1).docx
excel-row-130,Kom. Şti. Adına Tescil Öncesi İşlemde Bulunan Komanditer Ortağın Tazminat Sorumluluğundan Doğan Uyuşmazlık - TTK md. 321-2,False,True,True,True,1,1,1,1,D:\ArbsysTutanakEditor\DOCX_Guncelleme\05) Komandit (+)\04 - Anlaşma Belgesi - (Kom. Şti. Adına Tescil Öncesi İşlemde Bulunan Komanditer Ortağın Tazminat Sorumluluğundan Doğan Uyuşmazlık ) (TTK md. 321-2).docx
excel-row-132,Kom. Şti. Ayrılan Ortağın Payına İlişkin Alacak Uyuşmazlığı - TTK md. 260,False,True,True,True,1,1,1,1,D:\ArbsysTutanakEditor\DOCX_Guncelleme\05) Komandit (+)\04 - Anlaşma Belgesi - (Kom. Şti. Ayrılan Ortağın Payına İlişkin Alacak Uyuşmazlığı) (TTK md. 260).docx
excel-row-133,Kom. Şti. Komandite Ortağın Üçüncü Kişilere Sorumluluğundan Doğan Uyuşmazlık - TTK md. 325,False,True,True,True,1,1,1,1,D:\ArbsysTutanakEditor\DOCX_Guncelleme\05) Komandit (+)\04 - Anlaşma Belgesi - (Kom. Şti. Komandite Ortağın Üçüncü Kişilere Sorumluluğundan Doğan Uyuşmazlık) (TTK md. 325).docx
excel-row-134,Kom. Şti. Komanditer Ortağa Yöneltilen Alacak Uyuşmazlığı - TTK md. 322-3,False,True,True,True,1,1,1,1,D:\ArbsysTutanakEditor\DOCX_Guncelleme\05) Komandit (+)\04 - Anlaşma Belgesi - (Kom. Şti. Komanditer Ortağa Yöneltilen Alacak Uyuşmazlığı) (TTK md. 322-3).docx
excel-row-135,Kom. Şti. Komanditer Ortağın Sermayesine Biçilen Değerden Doğan Tazminat Uyuşmazlığı - TTK md. 321-3,False,True,True,True,1,1,1,1,D:\ArbsysTutanakEditor\DOCX_Guncelleme\05) Komandit (+)\04 - Anlaşma Belgesi - (Kom. Şti. Komanditer Ortağın Sermayesine Biçilen Değerden Doğan Tazminat Uyuşmazlığı) (TTK md. 321-3).docx
excel-row-136,Kom. Şti. Komanditer Ortağın Üçüncü Kişilere Sorumluluğundan Doğan Uyuşmazlık - TTK md. 320,False,True,True,True,1,1,1,1,D:\ArbsysTutanakEditor\DOCX_Guncelleme\05) Komandit (+)\04 - Anlaşma Belgesi - (Kom. Şti. Komanditer Ortağın Üçüncü Kişilere Sorumluluğundan Doğan Uyuşmazlık) (TTK md. 320).docx
excel-row-137,Kom. Şti. Komanditer Ortağın Şirkete Ortak Olmadan Önce Doğan Borçlardan Sorumluluk Uyuşmazlığı - TTK md. 321-4,False,True,True,True,1,1,1,1,D:\ArbsysTutanakEditor\DOCX_Guncelleme\05) Komandit (+)\04 - Anlaşma Belgesi - (Kom. Şti. Komanditer Ortağın Şirkete Ortak Olmadan Önce Doğan Borçlardan Sorumluluk Uyuşmazlığı ) (TTK md. 321-4).docx
excel-row-138,Kom. Şti. Komanditer Ortağının Sermaye Koyma Borcu Uyuşmazlığı - TTK md. 322-1,False,True,True,True,1,1,1,1,D:\ArbsysTutanakEditor\DOCX_Guncelleme\05) Komandit (+)\04 - Anlaşma Belgesi - (Kom. Şti. Komanditer Ortağının Sermaye Koyma Borcu Uyuşmazlığı) (TTK md. 322-1).docx
excel-row-139,Kom. Şti. Ortağının Ek Ödeme Uyuşmazlığı - TTK md. 298,False,True,True,True,1,1,1,1,D:\ArbsysTutanakEditor\DOCX_Guncelleme\05) Komandit (+)\04 - Anlaşma Belgesi - (Kom. Şti. Ortağının Ek Ödeme Uyuşmazlığı) (TTK md. 298).docx
excel-row-140,Kom. Şti. Ortağının Haksız Fiilinden Doğan Uyuşmazlık - TTK md. 234-2,False,True,True,True,2,2,2,2,D:\ArbsysTutanakEditor\DOCX_Guncelleme\05) Komandit (+)\04 - Anlaşma Belgesi - (Kom. Şti. Ortağının Haksız Fiilinden Doğan Uyuşmazlık) (TTK md. 234-2).docx
excel-row-141,Kom. Şti. Ortağının Kişisel Sorumluluğundan Doğan Uyuşmazlık - TTK md. 236,False,True,True,True,1,1,1,1,D:\ArbsysTutanakEditor\DOCX_Guncelleme\05) Komandit (+)\04 - Anlaşma Belgesi - (Kom. Şti. Ortağının Kişisel Sorumluluğundan Doğan Uyuşmazlık) (TTK md. 236).docx
excel-row-142,Kom. Şti. Ortağının Tasfiye Alacağı Uyuşmazlığı - TTK md. 300,False,True,False,True,1,1,1,1,D:\ArbsysTutanakEditor\DOCX_Guncelleme\05) Komandit (+)\04 - Anlaşma Belgesi - (Kom. Şti. Ortağının Tasfiye Alacağı Uyuşmazlığı) (TTK md. 300).docx
excel-row-143,Kom. Şti. Ortağının Zarar Payı Uyuşmazlığı - TTK md. 229,False,True,True,True,1,1,1,1,D:\ArbsysTutanakEditor\DOCX_Guncelleme\05) Komandit (+)\04 - Anlaşma Belgesi - (Kom. Şti. Ortağının Zarar Payı Uyuşmazlığı) (TTK md. 229).docx
excel-row-144,Kom. Şti. Sermayenin Azalması Durumunda Komanditer Ortağın Faiz - Kâr Payından Doğan Uyuşmazlık - TTK md. 323,False,True,True,True,1,1,1,1,D:\ArbsysTutanakEditor\DOCX_Guncelleme\05) Komandit (+)\04 - Anlaşma Belgesi - (Kom. Şti. Sermayenin Azalması Durumunda Komanditer Ortağın Faiz - Kâr Payından Doğan Uyuşmazlık) (TTK md. 323).docx
excel-row-145,Kom. Şti. Tamamlanmamış İşlerden Kaynaklanan Alacak Uyuşmazlığı - TTK md. 263,False,True,True,True,2,2,2,2,D:\ArbsysTutanakEditor\DOCX_Guncelleme\05) Komandit (+)\04 - Anlaşma Belgesi - (Kom. Şti. Tamamlanmamış İşlerden Kaynaklanan Alacak Uyuşmazlığı) (TTK md. 263).docx
excel-row-129,Kom Şti. Tasfiye Memuru Ücret Alacağı Uyuşmazlığı - TTK md. 284,False,True,True,True,1,1,1,1,D:\ArbsysTutanakEditor\DOCX_Guncelleme\05) Komandit (+)\04 - Anlaşma Belgesi - (Kom. Şti. Tasfiye Memuru Ücret Alacağı Uyuşmazlığı) (TTK md. 284).docx
excel-row-146,Kom. Şti. Tasfiye Memurunun Haksız Fiil Tazminat Sorumluluğu Uyuşmazlığı - TTK md. 280,False,True,True,True,2,2,2,2,D:\ArbsysTutanakEditor\DOCX_Guncelleme\05) Komandit (+)\04 - Anlaşma Belgesi - (Kom. Şti. Tasfiye Memurunun Haksız Fiil Tazminat Sorumluluğu Uyuşmazlığı) (TTK md. 280).docx
excel-row-147,Kom. Şti. Tasfiye Memurunun Tazminat Sorumluluğu Uyuşmazlığı - TTK md. 285,False,True,True,True,2,2,2,2,D:\ArbsysTutanakEditor\DOCX_Guncelleme\05) Komandit (+)\04 - Anlaşma Belgesi - (Kom. Şti. Tasfiye Memurunun Tazminat Sorumluluğu Uyuşmazlığı) (TTK md. 285).docx
excel-row-148,Kom. Şti. Tasfiye Memurunun Yeni İşlemlerinden Doğan Alacak Uyuşmazlığı - TTK md. 292,False,True,False,True,1,1,1,1,D:\ArbsysTutanakEditor\DOCX_Guncelleme\05) Komandit (+)\04 - Anlaşma Belgesi - (Kom. Şti. Tasfiye Memurunun Yeni İşlemlerinden Doğan Alacak Uyuşmazlığı) (TTK md. 292).docx
excel-row-149,Kom. Şti. Temsilcisinin İşlemlerinden Doğan Uyuşmazlık - TTK md. 234-1,False,True,False,True,1,1,1,1,D:\ArbsysTutanakEditor\DOCX_Guncelleme\05) Komandit (+)\04 - Anlaşma Belgesi - (Kom. Şti. Temsilcisinin İşlemlerinden Doğan Uyuşmazlık) (TTK md. 234-1).docx
excel-row-150,Kom. Şti. Usulsüz Kâr Payı - Faiz Alacak Uyuşmazlığı - TTK md. 314,False,True,True,True,2,2,2,2,D:\ArbsysTutanakEditor\DOCX_Guncelleme\05) Komandit (+)\04 - Anlaşma Belgesi - (Kom. Şti. Usulsüz Kâr Payı - Faiz Alacak Uyuşmazlığı) (TTK md. 314).docx
excel-row-58,A.Ş. Belgelerin ve Beyanların Kanuna Aykırı Olmasından Doğan Tazminat Sorumluluğu Uyuşmazlığı - TTK md. 549,False,True,True,True,1,1,1,1,D:\ArbsysTutanakEditor\DOCX_Guncelleme\06) Anonim (+)\04 - Anlaşma Belgesi - (A.Ş. Belgelerin ve Beyanların Kanuna Aykırı Olmasından Doğan Tazminat Sorumluluğu Uyuşmazlığı) (TTK md. 549) .docx
excel-row-59,A.Ş. Borsa Şirketince Tanınmayan Pay Sahibinin Tazminat Talebinden Doğan Tazminat Uyuşmazlığı - TTK md. 497-4,False,True,True,True,1,1,1,1,D:\ArbsysTutanakEditor\DOCX_Guncelleme\06) Anonim (+)\04 - Anlaşma Belgesi - (A.Ş. Borsa Şirketince Tanınmayan Pay Sahibinin Tazminat Talebinden Doğan Tazminat Uyuşmazlığı) (TTK md. 497-4).docx
excel-row-60,A.Ş. Denetçinin Sır Saklamadan Doğan Sorumluluk Uyuşmazlığı - TTK md. 404-1,False,True,True,True,1,1,1,1,D:\ArbsysTutanakEditor\DOCX_Guncelleme\06) Anonim (+)\04 - Anlaşma Belgesi - (A.Ş. Denetçinin Sır Saklamadan Doğan Sorumluluk Uyuşmazlığı) (TTK md. 404-1).docx
excel-row-61,A.Ş. Denetçinin Tazminat Sorumluluğu Uyuşmazlığı - TTK md. 554,False,True,True,True,1,1,1,1,D:\ArbsysTutanakEditor\DOCX_Guncelleme\06) Anonim (+)\04 - Anlaşma Belgesi - (A.Ş. Denetçinin Tazminat Sorumluluğu Uyuşmazlığı) (TTK md. 554).docx
excel-row-62,A.Ş. Denetçinin Şirket Olması Halinde Sorumluluk Uyuşmazlığı - TTK md. 404-3,False,True,True,True,1,1,1,1,D:\ArbsysTutanakEditor\DOCX_Guncelleme\06) Anonim (+)\04 - Anlaşma Belgesi - (A.Ş. Denetçinin Şirket Olması Halinde Sorumluluk Uyuşmazlığı) (TTK md. 404-3).docx
excel-row-63,A.Ş. Değer Biçilmesinde Yolsuzluk Yapılmasından Doğan Tazminat Sorumluluğu Uyuşmazlığı - TTK md. 551,False,True,True,True,1,1,1,1,D:\ArbsysTutanakEditor\DOCX_Guncelleme\06) Anonim (+)\04 - Anlaşma Belgesi - (A.Ş. Değer Biçilmesinde Yolsuzluk Yapılmasından Doğan Tazminat Sorumluluğu Uyuşmazlığı) (TTK md. 551).docx
excel-row-64,A.Ş. Geçersiz Olarak Çıkarılan Paylardan Doğan Tazminat Sorumluluğu Uyuşmazlığı - TTK md. 476-2,False,True,True,True,1,1,1,1,D:\ArbsysTutanakEditor\DOCX_Guncelleme\06) Anonim (+)\04 - Anlaşma Belgesi - (A.Ş. Geçersiz Olarak Çıkarılan Paylardan Doğan Tazminat Sorumluluğu Uyuşmazlığı) (TTK md. 476-2).docx
excel-row-65,A.Ş. GK Kararının İptalinde Tazminat Sorumluluğu Uyuşmazlığı - TTK md. 451,False,True,True,True,1,1,1,1,D:\ArbsysTutanakEditor\DOCX_Guncelleme\06) Anonim (+)\04 - Anlaşma Belgesi - (A.Ş. GK Kararının İptalinde Tazminat Sorumluluğu Uyuşmazlığı) (TTK md. 451).docx
excel-row-66,A.Ş. Görevden Alınan YK Üyesinin Tazminat Uyuşmazlığı - TTK md. 364,False,True,False,True,1,1,1,1,D:\ArbsysTutanakEditor\DOCX_Guncelleme\06) Anonim (+)\04 - Anlaşma Belgesi - (A.Ş. Görevden Alınan YK Üyesinin Tazminat Uyuşmazlığı) (TTK md. 364).docx
excel-row-67,A.Ş. Hamiline Yazılı Pay Senetlerinden Doğan Tazminat Sorumluluğu Uyuşmazlığı - TTK md. 484-2,False,True,True,True,1,1,1,1,D:\ArbsysTutanakEditor\DOCX_Guncelleme\06) Anonim (+)\04 - Anlaşma Belgesi - (A.Ş. Hamiline Yazılı Pay Senetlerinden Doğan Tazminat Sorumluluğu Uyuşmazlığı) (TTK md. 484-2).docx
excel-row-99,A.Ş. İflası Halinde Kazanç Payı - Ücret İadesi Uyuşmazlığı - TTK md. 513,False,True,False,True,1,1,1,1,D:\ArbsysTutanakEditor\DOCX_Guncelleme\06) Anonim (+)\04 - Anlaşma Belgesi - (A.Ş. İflası Halinde Kazanç Payı - Ücret İadesi Uyuşmazlığı) (TTK md. 513).docx
excel-row-100,A.Ş. İntifa Hakkı Sahibinin Tazminat Sorumluluğu Uyuşmazlığı - TTK md. 432-2,False,True,False,True,1,1,1,1,D:\ArbsysTutanakEditor\DOCX_Guncelleme\06) Anonim (+)\04 - Anlaşma Belgesi - (A.Ş. İntifa Hakkı Sahibinin Tazminat Sorumluluğu Uyuşmazlığı) (TTK md. 432-2).docx
excel-row-68,A.Ş. KTK YK Üyesinin Sorumluluğundan Doğan Uyuşmazlık - TTK md. 334-3,False,True,False,True,2,2,2,2,D:\ArbsysTutanakEditor\DOCX_Guncelleme\06) Anonim (+)\04 - Anlaşma Belgesi - (A.Ş. KTK YK Üyesinin Sorumluluğundan Doğan Uyuşmazlık) (TTK md. 334-3).docx
excel-row-69,A.Ş. Kurucu İntifa Senedi Alacağı Uyuşmazlığı - TTK md. 348,False,True,False,True,1,1,1,1,D:\ArbsysTutanakEditor\DOCX_Guncelleme\06) Anonim (+)\04 - Anlaşma Belgesi - (A.Ş. Kurucu İntifa Senedi Alacağı Uyuşmazlığı) (TTK md. 348).docx
excel-row-70,A.Ş. Kurucularının Tazminat Sorumluluğu Uyuşmazlığı - TTK md. 553,False,True,True,True,2,2,2,2,D:\ArbsysTutanakEditor\DOCX_Guncelleme\06) Anonim (+)\04 - Anlaşma Belgesi - (A.Ş. Kurucularının Tazminat Sorumluluğu Uyuşmazlığı) (TTK md. 553).docx
excel-row-71,A.Ş. nin Tescili Öncesinde Yapılan İşlemlerden  Doğan Uyuşmazlık - TTK md. 355,False,True,False,True,3,3,3,3,D:\ArbsysTutanakEditor\DOCX_Guncelleme\06) Anonim (+)\04 - Anlaşma Belgesi - (A.Ş. nin Tescili Öncesinde Yapılan İşlemlerden  Doğan Uyuşmazlık) (TTK md. 355).docx
docx-update-a-s-ortaginin-hazirlik-donemi-faizi-alacak-uyusmazligi-ttk-md-510,A.Ş. Ortağının Hazırlık Dönemi Faizi Alacak Uyuşmazlığı - TTK md. 510,True,False,False,False,1,1,1,1,D:\ArbsysTutanakEditor\DOCX_Guncelleme\06) Anonim (+)\04 - Anlaşma Belgesi - (A.Ş. Ortağının Hazırlık Dönemi Faizi Alacak Uyuşmazlığı) (TTK md. 510).docx
excel-row-72,A.Ş. Ortağının Kâr Payı - Hazırlık Dönemi Faizi Alacak Uyuşmazlığı - TTK md. 512,False,True,True,True,1,1,1,1,D:\ArbsysTutanakEditor\DOCX_Guncelleme\06) Anonim (+)\04 - Anlaşma Belgesi - (A.Ş. Ortağının Kâr Payı - Hazırlık Dönemi Faizi Alacak Uyuşmazlığı) (TTK md. 512).docx
excel-row-73,A.Ş. Ortağının Kâr Payı - Tasfiye Payı Alacak Uyuşmazlığı - TTK md. 507,False,True,True,True,1,1,1,1,D:\ArbsysTutanakEditor\DOCX_Guncelleme\06) Anonim (+)\04 - Anlaşma Belgesi - (A.Ş. Ortağının Kâr Payı - Tasfiye Payı Alacak Uyuşmazlığı) (TTK md. 507).docx
excel-row-74,A.Ş. Pay Bedelinin Ödenmemesinden Kaynaklanan Alacak Sorumluluğu Uyuşmazlığı - TTK md. 482-1,False,True,True,True,1,1,1,1,D:\ArbsysTutanakEditor\DOCX_Guncelleme\06) Anonim (+)\04 - Anlaşma Belgesi - (A.Ş. Pay Bedelinin Ödenmemesinden Kaynaklanan Alacak Sorumluluğu Uyuşmazlığı) (TTK md. 482-1).docx
excel-row-75,A.Ş. Pay Bedelinin Ödenmemesinden Kaynaklanan Sözleşme Cezası Alacak Uyuşmazlığı - TTK md. 482-3,False,True,False,True,1,1,1,1,D:\ArbsysTutanakEditor\DOCX_Guncelleme\06) Anonim (+)\04 - Anlaşma Belgesi - (A.Ş. Pay Bedelinin Ödenmemesinden Kaynaklanan Sözleşme Cezası Alacak Uyuşmazlığı) (TTK md. 482-3).docx
excel-row-76,A.Ş. Pay Bedelinin Ödenmemesinden Kaynaklanan Tazminat Sorumluluğu Uyuşmazlığı - TTK md. 482-4,False,True,True,True,1,1,1,1,D:\ArbsysTutanakEditor\DOCX_Guncelleme\06) Anonim (+)\04 - Anlaşma Belgesi - (A.Ş. Pay Bedelinin Ödenmemesinden Kaynaklanan Tazminat Sorumluluğu Uyuşmazlığı) (TTK md. 482-4).docx
excel-row-77,A.Ş. Pay Sahibi Sayısının Bire Düşmesinden Doğan Rücu Uyuşmazlığı - TTK md. 338,False,True,True,True,2,2,2,2,D:\ArbsysTutanakEditor\DOCX_Guncelleme\06) Anonim (+)\04 - Anlaşma Belgesi - (A.Ş. Pay Sahibi Sayısının Bire Düşmesinden Doğan Rücu Uyuşmazlığı) (TTK md. 338).docx
excel-row-78,A.Ş. Pay Sahibi Sayısının Bire Düşmesinden Doğan Sorumluluk Uyuşmazlığı - TTK md. 338,False,True,False,True,1,1,1,1,D:\ArbsysTutanakEditor\DOCX_Guncelleme\06) Anonim (+)\04 - Anlaşma Belgesi - (A.Ş. Pay Sahibi Sayısının Bire Düşmesinden Doğan Sorumluluk Uyuşmazlığı) (TTK md. 338).docx
excel-row-79,A.Ş. Pay Sahibinin Temsilinde Tazminat Uyuşmazlığı - TTK md. 427,False,True,True,True,1,1,1,1,D:\ArbsysTutanakEditor\DOCX_Guncelleme\06) Anonim (+)\04 - Anlaşma Belgesi - (A.Ş. Pay Sahibinin Temsilinde Tazminat Uyuşmazlığı) (TTK md. 427).docx
excel-row-80,A.Ş. Pay Sahibinin Şirkete Borçlanma Yasağının İhlali - TTK md. 358,False,True,True,True,1,1,1,1,D:\ArbsysTutanakEditor\DOCX_Guncelleme\06) Anonim (+)\04 - Anlaşma Belgesi - (A.Ş. Pay Sahibinin Şirkete Borçlanma Yasağının İhlali) (TTK md. 358).docx
excel-row-81,A.Ş. Sermaye Hk. Yanlış Beyanlar - Ödeme Yetersizliğinin Bilinmesinden Doğan Tazminat Sorumluluğu Uyuş. - TTK md 550,False,True,True,True,3,3,3,3,D:\ArbsysTutanakEditor\DOCX_Guncelleme\06) Anonim (+)\04 - Anlaşma Belgesi - (A.Ş. Sermaye Hk. Yanlış Beyanlar - Ödeme Yetersizliğinin Bilinmesinden Doğan Tazminat Sorumluluğu Uyuş.) (TTK md 550).docx
excel-row-82,A.Ş. Sır Saklama Yükümünün İhlalinden Doğan Tazminat Uyuşmazlığı - TTK md. 527-1,False,True,True,True,1,1,1,1,D:\ArbsysTutanakEditor\DOCX_Guncelleme\06) Anonim (+)\04 - Anlaşma Belgesi - (A.Ş. Sır Saklama Yükümünün İhlalinden Doğan Tazminat Uyuşmazlığı) (TTK md. 527-1).docx
excel-row-83,A.Ş. Tasfiye Memurunun Haksız Fiilinden Dolayı Rücuen Tazminat Sorumluluğu Uyuşmazlığı - TTK md. 539-4,False,True,True,True,1,1,1,1,D:\ArbsysTutanakEditor\DOCX_Guncelleme\06) Anonim (+)\04 - Anlaşma Belgesi - (A.Ş. Tasfiye Memurunun Haksız Fiilinden Dolayı Rücuen Tazminat Sorumluluğu Uyuşmazlığı) (TTK md. 539-4) .docx
excel-row-84,A.Ş. Tasfiye Memurunun Haksız Fiilinden Doğan Tazminat Sorumluluğu Uyuşmazlığı - TTK md. 539-4,False,True,True,True,1,1,1,1,D:\ArbsysTutanakEditor\DOCX_Guncelleme\06) Anonim (+)\04 - Anlaşma Belgesi - (A.Ş. Tasfiye Memurunun Haksız Fiilinden Doğan Tazminat Sorumluluğu Uyuşmazlığı) (TTK md. 539-4).docx
excel-row-85,A.Ş. Tasfiye Memurunun Tazminat Sorumluluğu Uyuşmazlığı - TTK md. 553,False,True,True,True,2,2,2,2,D:\ArbsysTutanakEditor\DOCX_Guncelleme\06) Anonim (+)\04 - Anlaşma Belgesi - (A.Ş. Tasfiye Memurunun Tazminat Sorumluluğu Uyuşmazlığı) (TTK md. 553).docx
excel-row-86,A.Ş. Temsilcilerinin İşlemlerinden Kaynaklanan Rücuen Tazminat Sorumluluğu Uyuşmazlığı - TTK md. 371-4,False,True,True,True,1,1,1,1,D:\ArbsysTutanakEditor\DOCX_Guncelleme\06) Anonim (+)\04 - Anlaşma Belgesi - (A.Ş. Temsilcilerinin İşlemlerinden Kaynaklanan Rücuen Tazminat Sorumluluğu Uyuşmazlığı) (TTK md. 371-4).docx
excel-row-87,A.Ş. Temsilcilerinin İşlemlerinden Kaynaklanan Tazminat Sorumluluğu Uyuşmazlığı - TTK md. 371-4,False,True,True,True,1,1,1,1,D:\ArbsysTutanakEditor\DOCX_Guncelleme\06) Anonim (+)\04 - Anlaşma Belgesi - (A.Ş. Temsilcilerinin İşlemlerinden Kaynaklanan Tazminat Sorumluluğu Uyuşmazlığı) (TTK md. 371-4).docx
excel-row-88,A.Ş. Tescilden Önce Pay Senedi Çıkarılmasından Doğan Rücuen Tazminat Sorumluluğu Uyuşmazlığı - TTK md. 486-4,False,True,True,True,1,1,1,1,D:\ArbsysTutanakEditor\DOCX_Guncelleme\06) Anonim (+)\04 - Anlaşma Belgesi - (A.Ş. Tescilden Önce Pay Senedi Çıkarılmasından Doğan Rücuen Tazminat Sorumluluğu Uyuşmazlığı) (TTK md. 486-4).docx
excel-row-89,A.Ş. Tescilden Önce Pay Senedi Çıkarılmasından Doğan Tazminat Sorumluluğu Uyuşmazlığı - TTK md. 486-4,False,True,True,True,1,1,1,1,D:\ArbsysTutanakEditor\DOCX_Guncelleme\06) Anonim (+)\04 - Anlaşma Belgesi - (A.Ş. Tescilden Önce Pay Senedi Çıkarılmasından Doğan Tazminat Sorumluluğu Uyuşmazlığı) (TTK md. 486-4).docx
excel-row-90,A.Ş. Yeni Pay Sahibinin Pay Bedelini Ödenmemesinden Mütemerrit Pay Sahibinin Alacak Sorumluluğu Uyuşmazlığı - TTK md. 483-3,False,True,True,True,1,1,1,1,D:\ArbsysTutanakEditor\DOCX_Guncelleme\06) Anonim (+)\04 - Anlaşma Belgesi - (A.Ş. Yeni Pay Sahibinin Pay Bedelini Ödenmemesinden Mütemerrit Pay Sahibinin Alacak Sorumluluğu Uyuşmazlığı) (TTK md. 483-3).docx
excel-row-91,A.Ş. YK Üyelerinin Mali Hak Uyuşmazlığı - TTK md. 394,False,True,True,True,1,1,1,1,D:\ArbsysTutanakEditor\DOCX_Guncelleme\06) Anonim (+)\04 - Anlaşma Belgesi - (A.Ş. YK Üyelerinin Mali Hak Uyuşmazlığı) (TTK md. 394).docx
excel-row-92,A.Ş. YK Üyelerinin Şirketle İşlem Yapma Yasağı - TTK md. 395-1,False,True,True,True,1,1,1,1,D:\ArbsysTutanakEditor\DOCX_Guncelleme\06) Anonim (+)\04 - Anlaşma Belgesi - (A.Ş. YK Üyelerinin Şirketle İşlem Yapma Yasağı) (TTK md. 395-1).docx
excel-row-93,A.Ş. YK Üyesinin Kazanç Payı Alacağı Uyuşmazlığı - TTK md. 512,False,True,True,True,1,1,1,1,D:\ArbsysTutanakEditor\DOCX_Guncelleme\06) Anonim (+)\04 - Anlaşma Belgesi - (A.Ş. YK Üyesinin Kazanç Payı Alacağı Uyuşmazlığı) (TTK md. 512).docx
excel-row-94,A.Ş. YK Üyesinin Müzakereye Katılma Yasağından Doğan Sorumluluk Uyuşmazlığı - TTK md. 393,False,True,False,True,1,1,1,1,D:\ArbsysTutanakEditor\DOCX_Guncelleme\06) Anonim (+)\04 - Anlaşma Belgesi - (A.Ş. YK Üyesinin Müzakereye Katılma Yasağından Doğan Sorumluluk Uyuşmazlığı) (TTK md. 393).docx
excel-row-95,A.Ş. YK Üyesinin Rekabet Yasağını İhlalden Doğan Tazminat Uyuşmazlığı - TTK md. 396,False,True,False,True,1,1,3,3,D:\ArbsysTutanakEditor\DOCX_Guncelleme\06) Anonim (+)\04 - Anlaşma Belgesi - (A.Ş. YK Üyesinin Rekabet Yasağını İhlalden Doğan Tazminat Uyuşmazlığı) (TTK md. 396).docx
excel-row-96,A.Ş. YK Üyesinin Tazminat Sorumluluğu Uyuşmazlığı - TTK md. 553,False,True,True,True,2,2,2,2,D:\ArbsysTutanakEditor\DOCX_Guncelleme\06) Anonim (+)\04 - Anlaşma Belgesi - (A.Ş. YK Üyesinin Tazminat Sorumluluğu Uyuşmazlığı) (TTK md. 553).docx
excel-row-97,A.Ş. YK Üyesinin Şirkete Borçlanma Yasağının İhlali - TTK md. 395-2,False,True,True,True,3,3,3,3,D:\ArbsysTutanakEditor\DOCX_Guncelleme\06) Anonim (+)\04 - Anlaşma Belgesi - (A.Ş. YK Üyesinin Şirkete Borçlanma Yasağının İhlali) (TTK md. 395-2).docx
excel-row-98,A.Ş. Yöneticilerinin Tazminat Sorumluluğu Uyuşmazlığı - TTK md. 553,False,True,True,True,2,2,2,2,D:\ArbsysTutanakEditor\DOCX_Guncelleme\06) Anonim (+)\04 - Anlaşma Belgesi - (A.Ş. Yöneticilerinin Tazminat Sorumluluğu Uyuşmazlığı) (TTK md. 553).docx
excel-row-152,LTD Ayrılma Akçesinden Doğan Alacak Uyuşmazlığı - TTK md. 641,False,True,False,True,1,1,1,1,D:\ArbsysTutanakEditor\DOCX_Guncelleme\07) Limited (+)\04 - Anlaşma Belgesi - (LTD Ayrılma Akçesinden Doğan Alacak Uyuşmazlığı) (TTK md. 641).docx
excel-row-153,LTD Belgelerin ve Beyanların Kanuna Aykırı Olmasından Doğan Tazminat Sorumluluğu Uyuşmazlığı - TTK md. 549,False,True,True,True,1,1,1,1,D:\ArbsysTutanakEditor\DOCX_Guncelleme\07) Limited (+)\04 - Anlaşma Belgesi - (LTD Belgelerin ve Beyanların Kanuna Aykırı Olmasından Doğan Tazminat Sorumluluğu Uyuşmazlığı) (TTK md. 549) .docx
excel-row-154,LTD Denetçinin Tazminat Sorumluluğu Uyuşmazlığı - TTK md. 554,False,True,True,True,1,1,1,1,D:\ArbsysTutanakEditor\DOCX_Guncelleme\07) Limited (+)\04 - Anlaşma Belgesi - (LTD Denetçinin Tazminat Sorumluluğu Uyuşmazlığı) (TTK md. 554).docx
excel-row-155,LTD Değer Biçilmesinde Yolsuzluk Yapılmasından Doğan Tazminat Sorumluluğu Uyuşmazlığı - TTK md. 551,False,True,True,True,1,1,1,1,D:\ArbsysTutanakEditor\DOCX_Guncelleme\07) Limited (+)\04 - Anlaşma Belgesi - (LTD Değer Biçilmesinde Yolsuzluk Yapılmasından Doğan Tazminat Sorumluluğu Uyuşmazlığı) (TTK md. 551).docx
excel-row-156,LTD Ek Ödeme Yükümlülüğünden Doğan Alacak Uyuşmazlığı - TTK md. 603,False,True,True,True,1,1,1,1,D:\ArbsysTutanakEditor\DOCX_Guncelleme\07) Limited (+)\04 - Anlaşma Belgesi - (LTD Ek Ödeme Yükümlülüğünden Doğan Alacak Uyuşmazlığı) (TTK md. 603).docx
excel-row-157,LTD Ek Ödeme Yükümlülüğünün İadesinden Doğan Alacak Uyuşmazlığı - TTK md. 605,False,True,False,True,1,1,1,1,D:\ArbsysTutanakEditor\DOCX_Guncelleme\07) Limited (+)\04 - Anlaşma Belgesi - (LTD Ek Ödeme Yükümlülüğünün İadesinden Doğan Alacak Uyuşmazlığı) (TTK md. 605).docx
excel-row-158,LTD Görevden Alınan Müdürün Tazminat Hakkı Uyuşmazlığı - TTK md. 630,False,True,True,True,1,1,1,1,D:\ArbsysTutanakEditor\DOCX_Guncelleme\07) Limited (+)\04 - Anlaşma Belgesi - (LTD Görevden Alınan Müdürün Tazminat Hakkı Uyuşmazlığı) (TTK md. 630).docx
excel-row-180,LTD İntifa Hakkından Doğan Tazminat Sorumluluğu Uyuşmazlığı - TTK md. 600,False,True,True,True,1,1,1,1,D:\ArbsysTutanakEditor\DOCX_Guncelleme\07) Limited (+)\04 - Anlaşma Belgesi - (LTD İntifa Hakkından Doğan Tazminat Sorumluluğu Uyuşmazlığı) (TTK md. 600).docx
excel-row-159,LTD Kurucularının Tazminat Sorumluluğu Uyuşmazlığı - TTK md. 553,False,True,True,True,2,2,2,2,D:\ArbsysTutanakEditor\DOCX_Guncelleme\07) Limited (+)\04 - Anlaşma Belgesi - (LTD Kurucularının Tazminat Sorumluluğu Uyuşmazlığı) (TTK md. 553).docx
excel-row-160,LTD Müdürünün - Müdürler Kurulu Üyesinin Şirkete Borçlanma Yasağını İhlali - TTK md. 395-2,False,True,True,True,2,3,2,3,D:\ArbsysTutanakEditor\DOCX_Guncelleme\07) Limited (+)\04 - Anlaşma Belgesi - (LTD Müdürünün - Müdürler Kurulu Üyesinin Şirkete Borçlanma Yasağını İhlali) (TTK md. 395-2).docx
excel-row-161,LTD Müdürünün Rekabet Yasağına Aykırılıktan Doğan Tazminat Sorumluluğu Uyuşmazlığı - TTK md. 626,False,True,True,True,1,1,1,1,D:\ArbsysTutanakEditor\DOCX_Guncelleme\07) Limited (+)\04 - Anlaşma Belgesi - (LTD Müdürünün Rekabet Yasağına Aykırılıktan Doğan Tazminat Sorumluluğu Uyuşmazlığı) (TTK md. 626).docx
excel-row-162,LTD Ortak Sayısının Bire Düşmesinden Doğan Rücu Uyuşmazlığı - TTK md. 574,False,True,True,True,2,2,2,2,D:\ArbsysTutanakEditor\DOCX_Guncelleme\07) Limited (+)\04 - Anlaşma Belgesi - (LTD Ortak Sayısının Bire Düşmesinden Doğan Rücu Uyuşmazlığı) (TTK md. 574).docx
excel-row-163,LTD Ortak Sayısının Bire Düşmesinden Doğan Sorumluluk Uyuşmazlığı - TTK md. 574,False,True,True,True,1,1,1,1,D:\ArbsysTutanakEditor\DOCX_Guncelleme\07) Limited (+)\04 - Anlaşma Belgesi - (LTD Ortak Sayısının Bire Düşmesinden Doğan Sorumluluk Uyuşmazlığı) (TTK md. 574).docx
excel-row-164,LTD Ortağının - Müdürünün Haksız Aldığı Kâr Payının İadesi Sorumluluğu Uyuşmazlığı,False,True,True,True,1,1,1,1,D:\ArbsysTutanakEditor\DOCX_Guncelleme\07) Limited (+)\04 - Anlaşma Belgesi - (LTD Ortağının - Müdürünün Haksız Aldığı Kâr Payının İadesi Sorumluluğu Uyuşmazlığı) (TTK md. 611.docx
excel-row-165,LTD Ortağının Faiz Yasağından Doğan Alacak Uyuşmazlığı - TTK md. 609,False,True,False,True,1,1,1,1,D:\ArbsysTutanakEditor\DOCX_Guncelleme\07) Limited (+)\04 - Anlaşma Belgesi - (LTD Ortağının Faiz Yasağından Doğan Alacak Uyuşmazlığı) (TTK md. 609).docx
docx-update-ltd-ortaginin-hazirlik-donemi-faizi-alacak-uyusmazligi-ttk-md-510,LTD Ortağının Hazırlık Dönemi Faizi Alacak Uyuşmazlığı - TTK md. 510,True,False,False,False,1,1,1,1,D:\ArbsysTutanakEditor\DOCX_Guncelleme\07) Limited (+)\04 - Anlaşma Belgesi - (LTD Ortağının Hazırlık Dönemi Faizi Alacak Uyuşmazlığı) (TTK md. 510).docx
excel-row-166,LTD Ortağının Kâr Payı Alacak Uyuşmazlığı - TTK md. 608,False,True,True,True,1,1,1,1,D:\ArbsysTutanakEditor\DOCX_Guncelleme\07) Limited (+)\04 - Anlaşma Belgesi - (LTD Ortağının Kâr Payı Alacak Uyuşmazlığı) (TTK md. 608).docx
excel-row-167,LTD Ortağının Rekabet Yükümlülüğünü İhlali Nedeniyle Tazminat Sorumluluğu Uyuşmazlığı - TTK md. 613,False,True,True,True,1,1,1,1,D:\ArbsysTutanakEditor\DOCX_Guncelleme\07) Limited (+)\04 - Anlaşma Belgesi - (LTD Ortağının Rekabet Yasağının İhlali Nedeniyle Tazminat Sorumluluğu Uyuşmazlığı) (TTK md. 613).docx
excel-row-168,LTD Ortağının Şirkete Borçlanma Yasağını İhlali - TTK md. 358,False,True,True,True,1,1,1,1,D:\ArbsysTutanakEditor\DOCX_Guncelleme\07) Limited (+)\04 - Anlaşma Belgesi - (LTD Ortağının Şirkete Borçlanma Yasağının İhlali) (TTK md. 358).docx
excel-row-169,LTD Pay Bedelinin Ödenmemesinden Kaynaklanan Tazminat Sorumluluğu Uyuşmazlığı - TTK md. 585,False,True,True,True,1,1,1,1,D:\ArbsysTutanakEditor\DOCX_Guncelleme\07) Limited (+)\04 - Anlaşma Belgesi - (LTD Pay Bedelinin Ödenmemesinden Kaynaklanan Tazminat Sorumluluğu Uyuşmazlığı) (TTK md. 585).docx
excel-row-170,LTD Paylı Mülkiyet Durumunda Ek Ödeme Yükümlülüğünden Doğan Alacak Uyuşmazlığı - TTK md. 599,False,True,True,True,2,2,2,2,D:\ArbsysTutanakEditor\DOCX_Guncelleme\07) Limited (+)\04 - Anlaşma Belgesi - (LTD Paylı Mülkiyet Durumunda Ek Ödeme Yükümlülüğünden Doğan Alacak Uyuşmazlığı) (TTK md. 599).docx
excel-row-171,LTD Sermaye Hk. Yanlış Beyanlar - Ödeme Yetersizliğinin Bilinmesinden Doğan Tazminat Sorumluluğu Uyuş. - TTK md 550,False,True,True,True,3,3,3,3,D:\ArbsysTutanakEditor\DOCX_Guncelleme\07) Limited (+)\04 - Anlaşma Belgesi - (LTD Sermaye Hk. Yanlış Beyanlar - Ödeme Yetersizliğinin Bilinmesinden Doğan Tazminat Sorumluluğu Uyuş.) (TTK md 550).docx
excel-row-173,LTD Tasfiye Memurunun Tazminat Sorumluluğu Uyuşmazlığı - TTK md. 553,False,True,True,True,2,2,2,2,D:\ArbsysTutanakEditor\DOCX_Guncelleme\07) Limited (+)\04 - Anlaşma Belgesi - (LTD Tasfiye Memurunun Tazminat Sorumluluğu Uyuşmazlığı) (TTK md. 553).docx
excel-row-174,LTD Tescilinden Önceki İşlemlerden Kaynaklanan Alacak ve Tazminat Sorumluluğu Uyuşmazlığı - TTK md. 588,False,True,True,True,3,3,3,3,D:\ArbsysTutanakEditor\DOCX_Guncelleme\07) Limited (+)\04 - Anlaşma Belgesi - (LTD Tescilinden Önceki İşlemlerden Kaynaklanan Alacak ve Tazminat Sorumluluğu Uyuşmazlığı) (TTK md. 588).docx
excel-row-175,LTD Yan Edim Yükümlülüğünden Doğan Alacak Uyuşmazlığı - TTK md. 606,False,True,True,True,2,2,2,2,D:\ArbsysTutanakEditor\DOCX_Guncelleme\07) Limited (+)\04 - Anlaşma Belgesi - (LTD Yan Edim Yükümlülüğünden Doğan Alacak Uyuşmazlığı) (TTK md. 606).docx
excel-row-176,LTD Yeni Pay Sahibinin Pay Bedelini Ödenmemesinden Mütemerrit Pay Sahibinin Alacak Sorumluluğu Uyuşmazlığı - TTK md. 585,False,True,True,True,1,1,1,1,D:\ArbsysTutanakEditor\DOCX_Guncelleme\07) Limited (+)\04 - Anlaşma Belgesi - (LTD Yeni Pay Sahibinin Pay Bedelini Ödenmemesinden Mütemerrit Pay Sahibinin Alacak Sorumluluğu Uyuşmazlığı) (TTK md. 585).docx
excel-row-177,LTD Yöneticilerinin Haksız Fiilinden Dolayı Rücuen Tazminat Sorumluluğu Uyuşmazlığı - TTK md. 632,False,True,True,True,1,1,1,1,D:\ArbsysTutanakEditor\DOCX_Guncelleme\07) Limited (+)\04 - Anlaşma Belgesi - (LTD Yöneticilerinin Haksız Fiilinden Dolayı Rücuen Tazminat Sorumluluğu Uyuşmazlığı) (TTK md. 632).docx
excel-row-178,LTD Yöneticilerinin Haksız Fiilinden Doğan Tazminat Sorumluluğu Uyuşmazlığı - TTK md. 632,False,True,False,True,1,1,1,1,D:\ArbsysTutanakEditor\DOCX_Guncelleme\07) Limited (+)\04 - Anlaşma Belgesi - (LTD Yöneticilerinin Haksız Fiilinden Doğan Tazminat Sorumluluğu Uyuşmazlığı) (TTK md. 632).docx
excel-row-179,LTD Yöneticilerinin Tazminat Sorumluluğu Uyuşmazlığı - TTK md. 553,False,True,True,True,2,2,2,2,D:\ArbsysTutanakEditor\DOCX_Guncelleme\07) Limited (+)\04 - Anlaşma Belgesi - (LTD Yöneticilerinin Tazminat Sorumluluğu Uyuşmazlığı) (TTK md. 553).docx
excel-row-181,LTD Şirket Müdürünün - Müdürler Kurulu Üyesinin Tazminat Sorumluluğu Uyuşmazlığı - TTK md. 553,False,True,True,True,2,2,2,2,D:\ArbsysTutanakEditor\DOCX_Guncelleme\07) Limited (+)\04 - Anlaşma Belgesi - (LTD Şirket Müdürünün - Müdürler Kurulu Üyesinin Tazminat Sorumluluğu Uyuşmazlığı) (TTK md. 553).docx
excel-row-102,Bononun Anlaşmaya Aykırı Doldurulduğu İddiasından Doğan Uyuşmazlık,False,True,True,True,1,1,3,3,D:\ArbsysTutanakEditor\DOCX_Guncelleme\08) Kıymetli Evrak (+)\04 - Anlaşma Belgesi - (Bononun Anlaşmaya Aykırı Doldurulduğu İddiasından Doğan Uyuşmazlık).docx
excel-row-103,Bononun Hatır Bonosu Olduğu İddiasından Doğan Uyuşmazlık,False,True,True,True,1,1,2,2,D:\ArbsysTutanakEditor\DOCX_Guncelleme\08) Kıymetli Evrak (+)\04 - Anlaşma Belgesi - (Bononun Hatır Bonosu Olduğu İddiasından Doğan Uyuşmazlık).docx
excel-row-104,Bononun Teminat Bonosu Olduğu İddiasından Doğan Uyuşmazlık,False,True,True,True,1,1,2,2,D:\ArbsysTutanakEditor\DOCX_Guncelleme\08) Kıymetli Evrak (+)\04 - Anlaşma Belgesi - (Bononun Teminat Bonosu Olduğu İddiasından Doğan Uyuşmazlık).docx
excel-row-105,Bononun Ödenmemesinden Doğan Uyuşmazlık,False,True,True,True,1,1,2,2,D:\ArbsysTutanakEditor\DOCX_Guncelleme\08) Kıymetli Evrak (+)\04 - Anlaşma Belgesi - (Bononun Ödenmemesinden Doğan Uyuşmazlık).docx
excel-row-106,Çekin Anlaşmaya Aykırı Doldurulduğu İddiasından Doğan Uyuşmazlık,False,True,True,True,1,1,3,3,D:\ArbsysTutanakEditor\DOCX_Guncelleme\08) Kıymetli Evrak (+)\04 - Anlaşma Belgesi - (Çekin Anlaşmaya Aykırı Doldurulduğu İddiasından Doğan Uyuşmazlık).docx
excel-row-107,Çekin Hatır Çeki Olduğu İddiasından Doğan Uyuşmazlık,False,True,True,True,1,1,2,2,D:\ArbsysTutanakEditor\DOCX_Guncelleme\08) Kıymetli Evrak (+)\04 - Anlaşma Belgesi - (Çekin Hatır Çeki Olduğu İddiasından Doğan Uyuşmazlık).docx
excel-row-108,Çekin Teminat Çeki Olduğu İddiasından Doğan Uyuşmazlık,False,True,True,True,1,1,2,2,D:\ArbsysTutanakEditor\DOCX_Guncelleme\08) Kıymetli Evrak (+)\04 - Anlaşma Belgesi - (Çekin Teminat Çeki Olduğu İddiasından Doğan Uyuşmazlık).docx
excel-row-109,Çekin Ödenmemesinden Doğan Uyuşmazlık,False,True,True,True,1,1,2,2,D:\ArbsysTutanakEditor\DOCX_Guncelleme\08) Kıymetli Evrak (+)\04 - Anlaşma Belgesi - (Çekin Ödenmemesinden Doğan Uyuşmazlık).docx
excel-row-183,Aşkın Sigorta Uyuşmazlığı - TTK md. 1463,False,True,True,True,2,2,2,4,D:\ArbsysTutanakEditor\DOCX_Guncelleme\09) Sigorta (+)\04 - Anlaşma Belgesi - (Aşkın Sigorta Uyuşmazlığı) (TTK md. 1463).docx
excel-row-184,Sigorta Hukuku Tazminat,False,True,False,True,1,1,1,2,D:\ArbsysTutanakEditor\DOCX_Guncelleme\09) Sigorta (+)\04 - Anlaşma Belgesi - (Sigorta Hukuku Tazminat).docx
